run_id,world,robot,seed,localization,result,reason,path_length_m,mission_elapsed_s,real_time_factor,max_abs_roll_rad,max_abs_pitch_rad,unexpected_collisions,stalled,tipped,landed,max_waypoint_error_m,max_altitude_error_m,max_cruise_height_loss_m,hover_max_xy_error_m,hover_max_altitude_error_m,implementation_sha256,simulation_log,runtime_directory
maize_field_jackal_j100_r1,maize_field,jackal_j100,20261006,simulation_sensors,fail,normal_headland: controller failed: ; terrain_challenge: controller failed: ; dangerous_crop: controller failed: ,0.0548964013438972,44.228942743000516,0.19298868251837814,0.00023749839753670686,0.00030027275366808673,0,False,False,,,,,,,465c8b52c3ab4c055176b7be0fbb1f4c4fabde854d6ffe6647284985e02d2277,/evidence/candidate-matrix/maize_field_jackal_j100_r1/simulation.log,/evidence/candidate-matrix/maize_field_jackal_j100_r1
maize_field_jackal_j100_r2,maize_field,jackal_j100,20261006,simulation_sensors,fail,normal_headland: controller failed: ; terrain_challenge: controller failed: ; dangerous_crop: controller failed: ,0.057158843567722176,42.34298737000063,0.213972406009647,0.000321533989066466,0.0008185158146037627,0,False,False,,,,,,,465c8b52c3ab4c055176b7be0fbb1f4c4fabde854d6ffe6647284985e02d2277,/evidence/candidate-matrix/maize_field_jackal_j100_r2/simulation.log,/evidence/candidate-matrix/maize_field_jackal_j100_r2
maize_field_jackal_j100_r3,maize_field,jackal_j100,20261006,simulation_sensors,fail,normal_headland: controller failed: ; terrain_challenge: controller failed: ; dangerous_crop: controller failed: ,0.06080531649528439,41.67621400400094,0.22881929943422596,0.00024696110192961256,0.0003954103236588788,0,False,False,,,,,,,465c8b52c3ab4c055176b7be0fbb1f4c4fabde854d6ffe6647284985e02d2277,/evidence/candidate-matrix/maize_field_jackal_j100_r3/simulation.log,/evidence/candidate-matrix/maize_field_jackal_j100_r3
maize_field_husky_a200_r1,maize_field,husky_a200,20261006,simulation_sensors,fail,normal_headland: controller failed: ; terrain_challenge: controller failed: ; dangerous_crop: controller failed: ,0.060819525916070115,45.61065176100237,0.2100172242722735,0.00043984977792990563,0.0002759601895797367,0,False,False,,,,,,,465c8b52c3ab4c055176b7be0fbb1f4c4fabde854d6ffe6647284985e02d2277,/evidence/candidate-matrix/maize_field_husky_a200_r1/simulation.log,/evidence/candidate-matrix/maize_field_husky_a200_r1
maize_field_husky_a200_r2,maize_field,husky_a200,20261006,simulation_sensors,fail,normal_headland: controller failed: ; terrain_challenge: controller failed: ; dangerous_crop: controller failed: ,0.04115241033904594,41.774531981998734,0.22044858263890701,0.00041204013740139903,0.00018153521123020455,0,False,False,,,,,,,465c8b52c3ab4c055176b7be0fbb1f4c4fabde854d6ffe6647284985e02d2277,/evidence/candidate-matrix/maize_field_husky_a200_r2/simulation.log,/evidence/candidate-matrix/maize_field_husky_a200_r2
maize_field_husky_a200_r3,maize_field,husky_a200,20261006,simulation_sensors,fail,normal_headland: controller failed: ; terrain_challenge: controller failed: ; dangerous_crop: controller failed: ,0.05257867932172067,43.320034309999755,0.21830387139982124,0.0005767604791922136,0.0003082265458690634,0,False,False,,,,,,,465c8b52c3ab4c055176b7be0fbb1f4c4fabde854d6ffe6647284985e02d2277,/evidence/candidate-matrix/maize_field_husky_a200_r3/simulation.log,/evidence/candidate-matrix/maize_field_husky_a200_r3
maize_field_x500_r1,maize_field,x500,20261006,px4_simulated_sensors,pass,,34.74198972973734,83.30649433800136,0.35459420342604603,0.7370248561505012,0.6175637908895351,,,,True,1.4682927194722766,0.05674201250076294,0.057006657123565674,0.07226568187992126,0.5938900113105774,465c8b52c3ab4c055176b7be0fbb1f4c4fabde854d6ffe6647284985e02d2277,/evidence/candidate-matrix/maize_field_x500_r1/simulation.log,/evidence/candidate-matrix/maize_field_x500_r1
maize_field_x500_r2,maize_field,x500,20261006,px4_simulated_sensors,pass,,34.82066600460903,77.47590027399929,0.38179614428987757,0.7421065914803887,0.6093986522773229,,,,True,1.484930831982633,0.05756095051765442,0.04713156819343567,0.11733307620815353,0.5810416042804718,465c8b52c3ab4c055176b7be0fbb1f4c4fabde854d6ffe6647284985e02d2277,/evidence/candidate-matrix/maize_field_x500_r2/simulation.log,/evidence/candidate-matrix/maize_field_x500_r2
maize_field_x500_r3,maize_field,x500,20261006,px4_simulated_sensors,pass,,34.86883074824092,74.87649323200094,0.3985229370657398,0.7400315734268723,0.6054768271755461,,,,True,1.4935070408055744,0.06680749356746674,0.04498051106929779,0.1447713425264993,0.5852105468511581,465c8b52c3ab4c055176b7be0fbb1f4c4fabde854d6ffe6647284985e02d2277,/evidence/candidate-matrix/maize_field_x500_r3/simulation.log,/evidence/candidate-matrix/maize_field_x500_r3
orchard_jackal_j100_r1,orchard,jackal_j100,20261006,simulation_sensors,fail,normal_lane: controller failed: ; terrain_challenge: controller failed: ; dangerous_trunk: controller failed: ,0.010119842063368776,22.189936455997668,0.6917314585367353,5.898992027404226e-05,0.00029516457628472485,0,False,False,,,,,,,465c8b52c3ab4c055176b7be0fbb1f4c4fabde854d6ffe6647284985e02d2277,/evidence/candidate-matrix/orchard_jackal_j100_r1/simulation.log,/evidence/candidate-matrix/orchard_jackal_j100_r1
orchard_jackal_j100_r2,orchard,jackal_j100,20261006,simulation_sensors,fail,normal_lane: controller failed: ; terrain_challenge: controller failed: ; dangerous_trunk: controller failed: ,0.010778494698930455,18.528336655999738,0.8304547724645721,5.913920383646027e-05,0.0002975443748273206,0,False,False,,,,,,,465c8b52c3ab4c055176b7be0fbb1f4c4fabde854d6ffe6647284985e02d2277,/evidence/candidate-matrix/orchard_jackal_j100_r2/simulation.log,/evidence/candidate-matrix/orchard_jackal_j100_r2
orchard_jackal_j100_r3,orchard,jackal_j100,20261006,simulation_sensors,fail,normal_lane: controller failed: ; terrain_challenge: controller failed: ; dangerous_trunk: controller failed: ,0.010001532770162537,19.201809906000562,0.8379415405623898,5.641479648399854e-05,0.00029338956942558337,0,False,False,,,,,,,465c8b52c3ab4c055176b7be0fbb1f4c4fabde854d6ffe6647284985e02d2277,/evidence/candidate-matrix/orchard_jackal_j100_r3/simulation.log,/evidence/candidate-matrix/orchard_jackal_j100_r3
orchard_husky_a200_r1,orchard,husky_a200,20261006,simulation_sensors,fail,normal_lane: controller failed: ; terrain_challenge: controller failed: ; dangerous_trunk: controller failed: ,0.0037221376941695265,21.516691992001142,0.7148558071686307,7.414972880980988e-05,2.4719107869499118e-05,0,False,False,,,,,,,465c8b52c3ab4c055176b7be0fbb1f4c4fabde854d6ffe6647284985e02d2277,/evidence/candidate-matrix/orchard_husky_a200_r1/simulation.log,/evidence/candidate-matrix/orchard_husky_a200_r1
orchard_husky_a200_r2,orchard,husky_a200,20261006,simulation_sensors,fail,normal_lane: controller failed: ; terrain_challenge: controller failed: ; dangerous_trunk: controller failed: ,0.003972503784910489,19.68012336799802,0.8068190184488832,7.420392487036978e-05,2.5876023399794815e-05,0,False,False,,,,,,,465c8b52c3ab4c055176b7be0fbb1f4c4fabde854d6ffe6647284985e02d2277,/evidence/candidate-matrix/orchard_husky_a200_r2/simulation.log,/evidence/candidate-matrix/orchard_husky_a200_r2
orchard_husky_a200_r3,orchard,husky_a200,20261006,simulation_sensors,fail,normal_lane: controller failed: ; terrain_challenge: controller failed: ; dangerous_trunk: controller failed: ,0.004838498160924281,19.103457966997667,0.8113235934287798,7.418594102138412e-05,2.2395216032138137e-05,0,False,False,,,,,,,465c8b52c3ab4c055176b7be0fbb1f4c4fabde854d6ffe6647284985e02d2277,/evidence/candidate-matrix/orchard_husky_a200_r3/simulation.log,/evidence/candidate-matrix/orchard_husky_a200_r3
orchard_x500_r1,orchard,x500,20261006,px4_simulated_sensors,pass,,46.74092275294008,42.60679689300014,0.9877297302044776,0.61802751790877,0.6146200844435558,,,,True,1.4983721350851757,0.011444091796875,0.04498291015625,0.26790051725501235,0.539886474609375,465c8b52c3ab4c055176b7be0fbb1f4c4fabde854d6ffe6647284985e02d2277,/evidence/candidate-matrix/orchard_x500_r1/simulation.log,/evidence/candidate-matrix/orchard_x500_r1
orchard_x500_r2,orchard,x500,20261006,px4_simulated_sensors,pass,,47.52397854078946,42.350041621000855,0.9986767044646053,0.6176346583631053,0.6270022754811014,,,,True,1.3498023257898406,0.0552978515625,0.05908203125,0.19230307916878947,0.55438232421875,465c8b52c3ab4c055176b7be0fbb1f4c4fabde854d6ffe6647284985e02d2277,/evidence/candidate-matrix/orchard_x500_r2/simulation.log,/evidence/candidate-matrix/orchard_x500_r2
orchard_x500_r3,orchard,x500,20261006,px4_simulated_sensors,pass,,46.761260797804184,42.631840193000244,0.9986198063997739,0.619636767473134,0.6158201382119802,,,,True,1.4978380889560967,0.02642822265625,0.054290771484375,0.200522967563595,0.536590576171875,465c8b52c3ab4c055176b7be0fbb1f4c4fabde854d6ffe6647284985e02d2277,/evidence/candidate-matrix/orchard_x500_r3/simulation.log,/evidence/candidate-matrix/orchard_x500_r3
pipeline_jackal_j100_r1,pipeline,jackal_j100,20261006,simulation_sensors,fail,normal_staging: global odometry unavailable or expired; terrain_challenge: global odometry unavailable or expired; dangerous_station: global odometry unavailable or expired,0.0024611870702559544,21.767716146001476,0.665641468635667,2.7956299583262203e-06,1.3867933031726687e-06,0,False,False,,,,,,,465c8b52c3ab4c055176b7be0fbb1f4c4fabde854d6ffe6647284985e02d2277,/evidence/candidate-matrix/pipeline_jackal_j100_r1/simulation.log,/evidence/candidate-matrix/pipeline_jackal_j100_r1
pipeline_jackal_j100_r2,pipeline,jackal_j100,20261006,simulation_sensors,fail,normal_staging: controller failed: ; terrain_challenge: controller failed: ; dangerous_station: controller failed: ,0.029237049863437718,19.036304965000454,0.7832939076630673,3.739178463740645e-06,1.274992466387979e-05,0,False,False,,,,,,,465c8b52c3ab4c055176b7be0fbb1f4c4fabde854d6ffe6647284985e02d2277,/evidence/candidate-matrix/pipeline_jackal_j100_r2/simulation.log,/evidence/candidate-matrix/pipeline_jackal_j100_r2
pipeline_jackal_j100_r3,pipeline,jackal_j100,20261006,simulation_sensors,fail,normal_staging: global odometry unavailable or expired; terrain_challenge: global odometry unavailable or expired; dangerous_station: global odometry unavailable or expired,0.01840003897988514,17.191183356000693,0.7678136015625344,1.0460503273166724e-05,1.2701458687210224e-05,0,False,False,,,,,,,465c8b52c3ab4c055176b7be0fbb1f4c4fabde854d6ffe6647284985e02d2277,/evidence/candidate-matrix/pipeline_jackal_j100_r3/simulation.log,/evidence/candidate-matrix/pipeline_jackal_j100_r3
pipeline_husky_a200_r1,pipeline,husky_a200,20261006,simulation_sensors,fail,normal_staging: controller failed: ; terrain_challenge: controller failed: ; dangerous_station: controller failed: ,0.008732235400674635,22.33779888099889,0.6709469230323118,5.915024282251107e-06,3.9171957756399766e-06,0,False,False,,,,,,,465c8b52c3ab4c055176b7be0fbb1f4c4fabde854d6ffe6647284985e02d2277,/evidence/candidate-matrix/pipeline_husky_a200_r1/simulation.log,/evidence/candidate-matrix/pipeline_husky_a200_r1
pipeline_husky_a200_r2,pipeline,husky_a200,20261006,simulation_sensors,fail,normal_staging: controller failed: ; terrain_challenge: controller failed: ; dangerous_station: controller failed: ,0.006992709014387731,18.89702446999945,0.7837211943644067,5.083999832587938e-06,4.8815550993553835e-06,0,False,False,,,,,,,465c8b52c3ab4c055176b7be0fbb1f4c4fabde854d6ffe6647284985e02d2277,/evidence/candidate-matrix/pipeline_husky_a200_r2/simulation.log,/evidence/candidate-matrix/pipeline_husky_a200_r2
pipeline_husky_a200_r3,pipeline,husky_a200,20261006,simulation_sensors,fail,normal_staging: controller failed: ; terrain_challenge: controller failed: ; dangerous_station: controller failed: ,0.006005357396040518,19.023773331002303,0.7888365542383627,5.9690190220583755e-06,4.990326827937393e-06,0,False,False,,,,,,,465c8b52c3ab4c055176b7be0fbb1f4c4fabde854d6ffe6647284985e02d2277,/evidence/candidate-matrix/pipeline_husky_a200_r3/simulation.log,/evidence/candidate-matrix/pipeline_husky_a200_r3
pipeline_x500_r1,pipeline,x500,20261006,px4_simulated_sensors,pass,,57.55725905747107,47.56643842400081,0.9986452964288304,0.7307028671078577,0.7366737469604838,,,,True,1.4423779738928588,0.04058837890625,0.05157470703125,0.682688455046793,0.54974365234375,465c8b52c3ab4c055176b7be0fbb1f4c4fabde854d6ffe6647284985e02d2277,/evidence/candidate-matrix/pipeline_x500_r1/simulation.log,/evidence/candidate-matrix/pipeline_x500_r1
pipeline_x500_r2,pipeline,x500,20261006,px4_simulated_sensors,fail,takeoff or landing leaves the checked home column,9.246047731897727,11.802114407000772,0.9951606631632978,0.2200711307446406,0.1391826045982303,,,,False,,,0.0,0.0,0.0,465c8b52c3ab4c055176b7be0fbb1f4c4fabde854d6ffe6647284985e02d2277,/evidence/candidate-matrix/pipeline_x500_r2/simulation.log,/evidence/candidate-matrix/pipeline_x500_r2
pipeline_x500_r3,pipeline,x500,20261006,px4_simulated_sensors,pass,,55.99802046321065,45.34112439399905,0.9986960095324217,0.7278229304551183,0.7387933514584731,,,,True,1.4977438752088712,0.0960693359375,0.0,0.8375196462156297,0.51776123046875,465c8b52c3ab4c055176b7be0fbb1f4c4fabde854d6ffe6647284985e02d2277,/evidence/candidate-matrix/pipeline_x500_r3/simulation.log,/evidence/candidate-matrix/pipeline_x500_r3
